{
	"openapi": "3.0.0",
	"components": {
		"examples": {},
		"headers": {},
		"parameters": {},
		"requestBodies": {},
		"responses": {},
		"schemas": {
			"SuccessCode": {
				"enum": [
					"OPERATION_SUCCESS"
				],
				"type": "string"
			},
			"GeneralResponse": {
				"properties": {
					"data": {},
					"code": {
						"$ref": "#/components/schemas/SuccessCode"
					},
					"message": {
						"type": "string"
					}
				},
				"required": [
					"data",
					"code",
					"message"
				],
				"type": "object"
			},
			"RoleName": {
				"enum": [
					"admin",
					"user"
				],
				"type": "string"
			},
			"_36_Enums.Gender": {
				"type": "string",
				"enum": [
					"male",
					"female"
				]
			},
			"Gender": {
				"$ref": "#/components/schemas/_36_Enums.Gender"
			},
			"CreateUserDTO": {
				"properties": {
					"username": {
						"type": "string",
						"nullable": true
					},
					"password": {
						"type": "string"
					},
					"confirmPassword": {
						"type": "string"
					},
					"firstName": {
						"type": "string"
					},
					"lastName": {
						"type": "string"
					},
					"email": {
						"type": "string"
					},
					"phone": {
						"type": "string"
					},
					"age": {
						"type": "number",
						"format": "double"
					},
					"gender": {
						"$ref": "#/components/schemas/Gender"
					},
					"avatar": {
						"type": "string",
						"nullable": true
					}
				},
				"required": [
					"password",
					"firstName",
					"lastName",
					"email",
					"phone",
					"age",
					"gender"
				],
				"type": "object",
				"additionalProperties": false
			},
			"UpdateUserDTO": {
				"properties": {
					"firstName": {
						"type": "string"
					},
					"lastName": {
						"type": "string"
					},
					"email": {
						"type": "string"
					},
					"phone": {
						"type": "string"
					},
					"age": {
						"type": "number",
						"format": "double"
					},
					"gender": {
						"$ref": "#/components/schemas/Gender"
					},
					"avatar": {
						"type": "string"
					}
				},
				"required": [
					"firstName",
					"lastName",
					"email",
					"phone",
					"age",
					"gender"
				],
				"type": "object",
				"additionalProperties": false
			},
			"StripeProductData": {
				"properties": {
					"name": {
						"type": "string"
					}
				},
				"required": [
					"name"
				],
				"type": "object",
				"additionalProperties": false
			},
			"StripePriceData": {
				"properties": {
					"currency": {
						"type": "string"
					},
					"product_data": {
						"$ref": "#/components/schemas/StripeProductData"
					},
					"unit_amount": {
						"type": "number",
						"format": "double"
					}
				},
				"required": [
					"currency",
					"product_data",
					"unit_amount"
				],
				"type": "object",
				"additionalProperties": false
			},
			"StripeLineItem": {
				"properties": {
					"price_data": {
						"$ref": "#/components/schemas/StripePriceData"
					},
					"quantity": {
						"type": "number",
						"format": "double"
					}
				},
				"required": [
					"price_data",
					"quantity"
				],
				"type": "object",
				"additionalProperties": false
			},
			"stripe.Stripe.Checkout.Session.Mode": {
				"type": "string",
				"enum": [
					"payment",
					"setup",
					"subscription"
				]
			},
			"PaymentSessionRequest": {
				"properties": {
					"lineItems": {
						"items": {
							"$ref": "#/components/schemas/StripeLineItem"
						},
						"type": "array"
					},
					"mode": {
						"$ref": "#/components/schemas/stripe.Stripe.Checkout.Session.Mode"
					}
				},
				"required": [
					"lineItems",
					"mode"
				],
				"type": "object",
				"additionalProperties": false
			},
			"_36_Enums.LineType": {
				"type": "string",
				"enum": [
					"heart",
					"head",
					"life",
					"fate",
					"sun",
					"unknown"
				]
			},
			"LineType": {
				"$ref": "#/components/schemas/_36_Enums.LineType"
			},
			"InterpretationDto": {
				"properties": {
					"lineType": {
						"$ref": "#/components/schemas/LineType"
					},
					"pattern": {
						"type": "string"
					},
					"meaning": {
						"type": "string"
					},
					"lengthPx": {
						"type": "number",
						"format": "double"
					},
					"confidence": {
						"type": "number",
						"format": "double"
					}
				},
				"required": [
					"lineType",
					"pattern",
					"meaning",
					"lengthPx",
					"confidence"
				],
				"type": "object",
				"additionalProperties": false
			},
			"_36_Enums.LifeAspectType": {
				"type": "string",
				"enum": [
					"health",
					"career",
					"relationships",
					"personality"
				]
			},
			"LifeAspectType": {
				"$ref": "#/components/schemas/_36_Enums.LifeAspectType"
			},
			"LifeAspectDto": {
				"properties": {
					"aspect": {
						"$ref": "#/components/schemas/LifeAspectType"
					},
					"content": {
						"type": "string"
					}
				},
				"required": [
					"aspect",
					"content"
				],
				"type": "object",
				"additionalProperties": false
			},
			"PalmAnalysisDto": {
				"properties": {
					"userId": {
						"type": "number",
						"format": "double"
					},
					"annotatedImage": {
						"type": "string"
					},
					"palmLinesDetected": {
						"type": "number",
						"format": "double"
					},
					"detectedHeartLine": {
						"type": "number",
						"format": "double"
					},
					"detectedHeadLine": {
						"type": "number",
						"format": "double"
					},
					"detectedLifeLine": {
						"type": "number",
						"format": "double"
					},
					"detectedFateLine": {
						"type": "number",
						"format": "double"
					},
					"targetLines": {
						"type": "string"
					},
					"imageHeight": {
						"type": "number",
						"format": "double"
					},
					"imageWidth": {
						"type": "number",
						"format": "double"
					},
					"imageChannels": {
						"type": "number",
						"format": "double"
					},
					"summaryText": {
						"type": "string"
					},
					"interpretations": {
						"items": {
							"$ref": "#/components/schemas/InterpretationDto"
						},
						"type": "array"
					},
					"lifeAspects": {
						"items": {
							"$ref": "#/components/schemas/LifeAspectDto"
						},
						"type": "array"
					}
				},
				"required": [
					"userId",
					"annotatedImage",
					"targetLines",
					"imageHeight",
					"imageWidth",
					"imageChannels",
					"summaryText",
					"interpretations",
					"lifeAspects"
				],
				"type": "object",
				"additionalProperties": false
			},
			"Record_string.number_": {
				"properties": {},
				"additionalProperties": {
					"type": "number",
					"format": "double"
				},
				"type": "object",
				"description": "Construct a type with a set of properties K of type T"
			},
			"FacialAnalysisDto": {
				"properties": {
					"userId": {
						"type": "string"
					},
					"resultText": {
						"type": "string"
					},
					"faceShape": {
						"type": "string"
					},
					"harmonyScore": {
						"type": "number",
						"format": "double"
					},
					"probabilities": {
						"$ref": "#/components/schemas/Record_string.number_"
					},
					"harmonyDetails": {
						"$ref": "#/components/schemas/Record_string.number_"
					},
					"metrics": {
						"items": {
							"properties": {
								"orientation": {
									"type": "string"
								},
								"percentage": {
									"type": "number",
									"format": "double"
								},
								"pixels": {
									"type": "number",
									"format": "double"
								},
								"label": {
									"type": "string"
								}
							},
							"required": [
								"orientation",
								"percentage",
								"pixels",
								"label"
							],
							"type": "object"
						},
						"type": "array"
					},
					"annotatedImage": {
						"type": "string"
					},
					"processedAt": {
						"type": "string"
					}
				},
				"required": [
					"userId",
					"resultText",
					"faceShape",
					"harmonyScore",
					"probabilities",
					"harmonyDetails",
					"metrics",
					"annotatedImage",
					"processedAt"
				],
				"type": "object",
				"additionalProperties": false
			},
			"ChatRequest": {
				"properties": {
					"message": {
						"type": "string"
					}
				},
				"required": [
					"message"
				],
				"type": "object",
				"additionalProperties": false
			},
			"AuthRequest": {
				"properties": {
					"username": {
						"type": "string"
					},
					"password": {
						"type": "string"
					}
				},
				"required": [
					"username",
					"password"
				],
				"type": "object",
				"additionalProperties": false
			},
			"ChangePasswordDTO": {
				"properties": {
					"oldPassword": {
						"type": "string"
					},
					"password": {
						"type": "string"
					}
				},
				"required": [
					"oldPassword",
					"password"
				],
				"type": "object",
				"additionalProperties": false
			},
			"RequestResetPassword": {
				"properties": {
					"email": {
						"type": "string"
					}
				},
				"required": [
					"email"
				],
				"type": "object",
				"additionalProperties": false
			},
			"ResetPassword": {
				"properties": {
					"password": {
						"type": "string"
					}
				},
				"required": [
					"password"
				],
				"type": "object",
				"additionalProperties": false
			},
			"RefreshTokenRequest": {
				"properties": {
					"refreshToken": {
						"type": "string"
					}
				},
				"required": [
					"refreshToken"
				],
				"type": "object",
				"additionalProperties": false
			}
		},
		"securitySchemes": {
			"jwt": {
				"type": "http",
				"scheme": "bearer",
				"bearerFormat": "JWT"
			}
		}
	},
	"info": {
		"title": "ai-phil",
		"version": "1.0.0",
		"license": {
			"name": "ISC"
		},
		"contact": {}
	},
	"paths": {
		"/user-role/users": {
			"get": {
				"operationId": "GetUserByRole",
				"responses": {
					"200": {
						"description": "Danh sách người dùng với phân trang.",
						"content": {
							"application/json": {
								"schema": {
									"$ref": "#/components/schemas/GeneralResponse"
								}
							}
						}
					}
				},
				"description": "Lấy danh sách người dùng theo vai trò.",
				"tags": [
					"User Role Management"
				],
				"security": [
					{
						"jwt": [
							"ADMIN"
						]
					}
				],
				"parameters": [
					{
						"description": "Danh sách tên vai trò.",
						"in": "query",
						"name": "roleName",
						"required": true,
						"schema": {
							"type": "array",
							"items": {
								"$ref": "#/components/schemas/RoleName"
							}
						}
					},
					{
						"description": "Chỉ số trang.",
						"in": "query",
						"name": "pageIndex",
						"required": false,
						"schema": {
							"format": "double",
							"type": "number"
						}
					},
					{
						"description": "Kích thước trang.",
						"in": "query",
						"name": "pageSize",
						"required": false,
						"schema": {
							"format": "double",
							"type": "number"
						}
					}
				]
			}
		},
		"/user-role/roles": {
			"get": {
				"operationId": "GetRoleByUser",
				"responses": {
					"200": {
						"description": "Danh sách vai trò với phân trang.",
						"content": {
							"application/json": {
								"schema": {
									"$ref": "#/components/schemas/GeneralResponse"
								}
							}
						}
					}
				},
				"description": "Lấy danh sách vai trò của một người dùng.",
				"tags": [
					"User Role Management"
				],
				"security": [
					{
						"jwt": [
							"ADMIN"
						]
					}
				],
				"parameters": [
					{
						"description": "ID của người dùng.",
						"in": "query",
						"name": "userId",
						"required": true,
						"schema": {
							"format": "double",
							"type": "number"
						}
					},
					{
						"description": "Chỉ số trang.",
						"in": "query",
						"name": "pageIndex",
						"required": false,
						"schema": {
							"format": "double",
							"type": "number"
						}
					},
					{
						"description": "Kích thước trang.",
						"in": "query",
						"name": "pageSize",
						"required": false,
						"schema": {
							"format": "double",
							"type": "number"
						}
					}
				]
			}
		},
		"/user-role": {
			"put": {
				"operationId": "UpdateUserRole",
				"responses": {
					"200": {
						"description": "Kết quả cập nhật vai trò.",
						"content": {
							"application/json": {
								"schema": {
									"$ref": "#/components/schemas/GeneralResponse"
								}
							}
						}
					}
				},
				"description": "Cập nhật vai trò của người dùng.",
				"tags": [
					"User Role Management"
				],
				"security": [
					{
						"jwt": [
							"ADMIN"
						]
					}
				],
				"parameters": [
					{
						"description": "ID của người dùng.",
						"in": "query",
						"name": "userId",
						"required": true,
						"schema": {
							"format": "double",
							"type": "number"
						}
					}
				],
				"requestBody": {
					"description": "Danh sách tên vai trò mới.",
					"required": true,
					"content": {
						"application/json": {
							"schema": {
								"items": {
									"$ref": "#/components/schemas/RoleName"
								},
								"type": "array",
								"description": "Danh sách tên vai trò mới."
							}
						}
					}
				}
			}
		},
		"/users": {
			"get": {
				"operationId": "GetUsers",
				"responses": {
					"200": {
						"description": "Thông tin người dùng.",
						"content": {
							"application/json": {
								"schema": {
									"$ref": "#/components/schemas/GeneralResponse"
								}
							}
						}
					}
				},
				"description": "Lấy thông tin người dùng theo ID.",
				"tags": [
					"User Management"
				],
				"security": [
					{
						"jwt": [
							"ADMIN"
						]
					}
				],
				"parameters": [
					{
						"description": "ID của người dùng.",
						"in": "query",
						"name": "id",
						"required": true,
						"schema": {
							"format": "double",
							"type": "number"
						}
					}
				]
			},
			"put": {
				"operationId": "UpdateUser",
				"responses": {
					"200": {
						"description": "Thông tin người dùng sau khi cập nhật.",
						"content": {
							"application/json": {
								"schema": {
									"$ref": "#/components/schemas/GeneralResponse"
								}
							}
						}
					}
				},
				"description": "Cập nhật thông tin người dùng (chỉ Admin).",
				"tags": [
					"User Management"
				],
				"security": [
					{
						"jwt": [
							"ADMIN"
						]
					}
				],
				"parameters": [
					{
						"description": "ID của người dùng.",
						"in": "query",
						"name": "id",
						"required": true,
						"schema": {
							"format": "double",
							"type": "number"
						}
					}
				],
				"requestBody": {
					"description": "Dữ liệu mới cần cập nhật.",
					"required": true,
					"content": {
						"application/json": {
							"schema": {
								"$ref": "#/components/schemas/UpdateUserDTO",
								"description": "Dữ liệu mới cần cập nhật."
							}
						}
					}
				}
			},
			"delete": {
				"operationId": "DeleteUser",
				"responses": {
					"200": {
						"description": "Kết quả xóa người dùng.",
						"content": {
							"application/json": {
								"schema": {
									"$ref": "#/components/schemas/GeneralResponse"
								}
							}
						}
					}
				},
				"description": "Xóa người dùng theo ID (chỉ Admin).",
				"tags": [
					"User Management"
				],
				"security": [
					{
						"jwt": [
							"ADMIN"
						]
					}
				],
				"parameters": [
					{
						"description": "ID của người dùng cần xóa.",
						"in": "query",
						"name": "id",
						"required": true,
						"schema": {
							"format": "double",
							"type": "number"
						}
					}
				]
			}
		},
		"/users/email/{email}": {
			"get": {
				"operationId": "GetUsersByEmail",
				"responses": {
					"200": {
						"description": "Thông tin người dùng.",
						"content": {
							"application/json": {
								"schema": {
									"$ref": "#/components/schemas/GeneralResponse"
								}
							}
						}
					}
				},
				"description": "Lấy thông tin người dùng theo email.",
				"tags": [
					"User Management"
				],
				"security": [
					{
						"jwt": [
							"ADMIN"
						]
					}
				],
				"parameters": [
					{
						"description": "Email của người dùng.",
						"in": "path",
						"name": "email",
						"required": true,
						"schema": {
							"type": "string"
						}
					}
				]
			}
		},
		"/users/all": {
			"get": {
				"operationId": "GetAllUsers",
				"responses": {
					"200": {
						"description": "Danh sách người dùng với phân trang.",
						"content": {
							"application/json": {
								"schema": {
									"$ref": "#/components/schemas/GeneralResponse"
								}
							}
						}
					}
				},
				"description": "Lấy danh sách tất cả người dùng với phân trang.",
				"tags": [
					"User Management"
				],
				"security": [
					{
						"jwt": [
							"ADMIN"
						]
					}
				],
				"parameters": [
					{
						"description": "Chỉ số trang.",
						"in": "query",
						"name": "pageIndex",
						"required": false,
						"schema": {
							"format": "double",
							"type": "number"
						}
					},
					{
						"description": "Kích thước trang.",
						"in": "query",
						"name": "pageSize",
						"required": false,
						"schema": {
							"format": "double",
							"type": "number"
						}
					}
				]
			}
		},
		"/users/signUpInternal": {
			"post": {
				"operationId": "CreateUserInternal",
				"responses": {
					"200": {
						"description": "Thông tin người dùng vừa tạo.",
						"content": {
							"application/json": {
								"schema": {
									"$ref": "#/components/schemas/GeneralResponse"
								}
							}
						}
					}
				},
				"description": "Đăng ký tài khoản mới (chỉ admin)",
				"tags": [
					"User Management"
				],
				"security": [
					{
						"jwt": [
							"ADMIN"
						]
					}
				],
				"parameters": [
					{
						"in": "query",
						"name": "roleName",
						"required": true,
						"schema": {
							"type": "array",
							"items": {
								"$ref": "#/components/schemas/RoleName"
							}
						}
					}
				],
				"requestBody": {
					"description": "Dữ liệu người dùng cần tạo.",
					"required": true,
					"content": {
						"application/json": {
							"schema": {
								"$ref": "#/components/schemas/CreateUserDTO",
								"description": "Dữ liệu người dùng cần tạo."
							}
						}
					}
				}
			}
		},
		"/users/signUp": {
			"post": {
				"operationId": "CreateUser",
				"responses": {
					"200": {
						"description": "Thông tin người dùng vừa tạo.",
						"content": {
							"application/json": {
								"schema": {
									"$ref": "#/components/schemas/GeneralResponse"
								}
							}
						}
					}
				},
				"description": "Đăng ký tài khoản mới (auto role: user)",
				"tags": [
					"User Management"
				],
				"security": [],
				"parameters": [],
				"requestBody": {
					"description": "Dữ liệu người dùng cần tạo.",
					"required": true,
					"content": {
						"application/json": {
							"schema": {
								"$ref": "#/components/schemas/CreateUserDTO",
								"description": "Dữ liệu người dùng cần tạo."
							}
						}
					}
				}
			}
		},
		"/users/me": {
			"put": {
				"operationId": "UpdateCurrentUser",
				"responses": {
					"200": {
						"description": "Thông tin người dùng sau khi cập nhật.",
						"content": {
							"application/json": {
								"schema": {
									"$ref": "#/components/schemas/GeneralResponse"
								}
							}
						}
					}
				},
				"description": "Cập nhật thông tin của bản thân.",
				"tags": [
					"User Management"
				],
				"security": [
					{
						"jwt": []
					}
				],
				"parameters": [],
				"requestBody": {
					"description": "Dữ liệu mới cần cập nhật.",
					"required": true,
					"content": {
						"application/json": {
							"schema": {
								"$ref": "#/components/schemas/UpdateUserDTO",
								"description": "Dữ liệu mới cần cập nhật."
							}
						}
					}
				}
			}
		},
		"/users/me/recharge": {
			"post": {
				"operationId": "SelfRecharge",
				"responses": {
					"200": {
						"description": "Stripe Checkout Session",
						"content": {
							"application/json": {
								"schema": {
									"$ref": "#/components/schemas/GeneralResponse"
								}
							}
						}
					}
				},
				"description": "Recharge credits for current user",
				"tags": [
					"User Management"
				],
				"security": [
					{
						"jwt": []
					}
				],
				"parameters": [],
				"requestBody": {
					"description": "- Payment session request",
					"required": true,
					"content": {
						"application/json": {
							"schema": {
								"$ref": "#/components/schemas/PaymentSessionRequest",
								"description": "- Payment session request"
							}
						}
					}
				}
			}
		},
		"/users/recharge": {
			"post": {
				"operationId": "Recharge",
				"responses": {
					"200": {
						"description": "Stripe Checkout Session",
						"content": {
							"application/json": {
								"schema": {
									"$ref": "#/components/schemas/GeneralResponse"
								}
							}
						}
					}
				},
				"description": "Admin: Recharge credits for any user",
				"tags": [
					"User Management"
				],
				"security": [
					{
						"jwt": [
							"ADMIN"
						]
					}
				],
				"parameters": [
					{
						"description": "- User email",
						"in": "query",
						"name": "email",
						"required": true,
						"schema": {
							"type": "string"
						}
					}
				],
				"requestBody": {
					"description": "- Payment session request",
					"required": true,
					"content": {
						"application/json": {
							"schema": {
								"$ref": "#/components/schemas/PaymentSessionRequest",
								"description": "- Payment session request"
							}
						}
					}
				}
			}
		},
		"/payment/test-update-credit": {
			"post": {
				"operationId": "TestUpdateCredit",
				"responses": {
					"200": {
						"description": "Updated user with credits",
						"content": {
							"application/json": {
								"schema": {
									"$ref": "#/components/schemas/GeneralResponse"
								}
							}
						}
					}
				},
				"description": "Test endpoint to verify credit update logic",
				"tags": [
					"Payment"
				],
				"security": [],
				"parameters": [
					{
						"description": "- Stripe session ID",
						"in": "query",
						"name": "sessionId",
						"required": true,
						"schema": {
							"type": "string"
						}
					},
					{
						"description": "- User ID",
						"in": "query",
						"name": "userId",
						"required": true,
						"schema": {
							"format": "double",
							"type": "number"
						}
					}
				]
			}
		},
		"/palm-analysis": {
			"post": {
				"operationId": "SavePalmAnalysis",
				"responses": {
					"200": {
						"description": "Ok",
						"content": {
							"application/json": {
								"schema": {}
							}
						}
					}
				},
				"tags": [
					"Palm Analysis"
				],
				"security": [
					{
						"jwt": []
					}
				],
				"parameters": [],
				"requestBody": {
					"required": true,
					"content": {
						"application/json": {
							"schema": {
								"$ref": "#/components/schemas/PalmAnalysisDto"
							}
						}
					}
				}
			}
		},
		"/palm-analysis/user/{userId}": {
			"get": {
				"operationId": "GetPalmAnalysisByUser",
				"responses": {
					"200": {
						"description": "Ok",
						"content": {
							"application/json": {
								"schema": {}
							}
						}
					}
				},
				"tags": [
					"Palm Analysis"
				],
				"security": [
					{
						"jwt": []
					}
				],
				"parameters": [
					{
						"in": "path",
						"name": "userId",
						"required": true,
						"schema": {
							"format": "double",
							"type": "number"
						}
					}
				]
			}
		},
		"/palm-analysis/all": {
			"get": {
				"operationId": "GetAllPalmAnalyses",
				"responses": {
					"200": {
						"description": "Ok",
						"content": {
							"application/json": {
								"schema": {}
							}
						}
					}
				},
				"tags": [
					"Palm Analysis"
				],
				"security": [
					{
						"jwt": [
							"ADMIN"
						]
					}
				],
				"parameters": []
			}
		},
		"/palm-analysis/{id}": {
			"delete": {
				"operationId": "DeletePalmAnalysis",
				"responses": {
					"200": {
						"description": "Ok",
						"content": {
							"application/json": {
								"schema": {}
							}
						}
					}
				},
				"tags": [
					"Palm Analysis"
				],
				"security": [
					{
						"jwt": []
					}
				],
				"parameters": [
					{
						"in": "path",
						"name": "id",
						"required": true,
						"schema": {
							"format": "double",
							"type": "number"
						}
					}
				]
			},
			"put": {
				"operationId": "UpdatePalmAnalysis",
				"responses": {
					"200": {
						"description": "Ok",
						"content": {
							"application/json": {
								"schema": {}
							}
						}
					}
				},
				"tags": [
					"Palm Analysis"
				],
				"security": [
					{
						"jwt": []
					}
				],
				"parameters": [
					{
						"in": "path",
						"name": "id",
						"required": true,
						"schema": {
							"format": "double",
							"type": "number"
						}
					}
				],
				"requestBody": {
					"required": true,
					"content": {
						"application/json": {
							"schema": {
								"$ref": "#/components/schemas/PalmAnalysisDto"
							}
						}
					}
				}
			}
		},
		"/facial-analysis": {
			"post": {
				"operationId": "SaveFacialAnalysis",
				"responses": {
					"200": {
						"description": "Ok",
						"content": {
							"application/json": {
								"schema": {
									"$ref": "#/components/schemas/GeneralResponse"
								}
							}
						}
					}
				},
				"tags": [
					"Facial Analysis"
				],
				"security": [
					{
						"jwt": []
					}
				],
				"parameters": [],
				"requestBody": {
					"required": true,
					"content": {
						"application/json": {
							"schema": {
								"$ref": "#/components/schemas/FacialAnalysisDto"
							}
						}
					}
				}
			}
		},
		"/facial-analysis/user/{userId}": {
			"get": {
				"operationId": "GetFacialAnalysesByUser",
				"responses": {
					"200": {
						"description": "Ok",
						"content": {
							"application/json": {
								"schema": {
									"$ref": "#/components/schemas/GeneralResponse"
								}
							}
						}
					}
				},
				"tags": [
					"Facial Analysis"
				],
				"security": [
					{
						"jwt": []
					}
				],
				"parameters": [
					{
						"in": "path",
						"name": "userId",
						"required": true,
						"schema": {
							"format": "double",
							"type": "number"
						}
					}
				]
			}
		},
		"/facial-analysis/all": {
			"get": {
				"operationId": "GetAllFacialAnalyses",
				"responses": {
					"200": {
						"description": "Ok",
						"content": {
							"application/json": {
								"schema": {
									"$ref": "#/components/schemas/GeneralResponse"
								}
							}
						}
					}
				},
				"tags": [
					"Facial Analysis"
				],
				"security": [
					{
						"jwt": [
							"ADMIN"
						]
					}
				],
				"parameters": []
			}
		},
		"/facial-analysis/{id}": {
			"delete": {
				"operationId": "DeleteFacialAnalysis",
				"responses": {
					"200": {
						"description": "Ok",
						"content": {
							"application/json": {
								"schema": {
									"$ref": "#/components/schemas/GeneralResponse"
								}
							}
						}
					}
				},
				"tags": [
					"Facial Analysis"
				],
				"security": [
					{
						"jwt": []
					}
				],
				"parameters": [
					{
						"in": "path",
						"name": "id",
						"required": true,
						"schema": {
							"format": "double",
							"type": "number"
						}
					}
				]
			},
			"put": {
				"operationId": "UpdateFacialAnalysis",
				"responses": {
					"200": {
						"description": "Ok",
						"content": {
							"application/json": {
								"schema": {
									"$ref": "#/components/schemas/GeneralResponse"
								}
							}
						}
					}
				},
				"tags": [
					"Facial Analysis"
				],
				"security": [
					{
						"jwt": []
					}
				],
				"parameters": [
					{
						"in": "path",
						"name": "id",
						"required": true,
						"schema": {
							"format": "double",
							"type": "number"
						}
					}
				],
				"requestBody": {
					"required": true,
					"content": {
						"application/json": {
							"schema": {
								"$ref": "#/components/schemas/FacialAnalysisDto"
							}
						}
					}
				}
			}
		},
		"/api/chat/send": {
			"post": {
				"operationId": "SendMessage",
				"responses": {
					"200": {
						"description": "Ok",
						"content": {
							"application/json": {
								"schema": {
									"$ref": "#/components/schemas/GeneralResponse"
								}
							}
						}
					}
				},
				"description": "Send a message to AI chatbot (MOCK)\nDeducts 1 credit and returns mock response",
				"tags": [
					"Chat & AI Conversation (Mock)"
				],
				"security": [
					{
						"jwt": []
					}
				],
				"parameters": [],
				"requestBody": {
					"required": true,
					"content": {
						"application/json": {
							"schema": {
								"$ref": "#/components/schemas/ChatRequest"
							}
						}
					}
				}
			}
		},
		"/auth/user": {
			"post": {
				"operationId": "Login",
				"responses": {
					"200": {
						"description": "Ok",
						"content": {
							"application/json": {
								"schema": {
									"$ref": "#/components/schemas/GeneralResponse"
								}
							}
						}
					}
				},
				"tags": [
					"Authentication"
				],
				"security": [],
				"parameters": [],
				"requestBody": {
					"required": true,
					"content": {
						"application/json": {
							"schema": {
								"$ref": "#/components/schemas/AuthRequest"
							}
						}
					}
				}
			}
		},
		"/auth/me": {
			"get": {
				"operationId": "GetCurrentLogin",
				"responses": {
					"200": {
						"description": "Ok",
						"content": {
							"application/json": {
								"schema": {
									"$ref": "#/components/schemas/GeneralResponse"
								}
							}
						}
					}
				},
				"tags": [
					"Authentication"
				],
				"security": [
					{
						"jwt": []
					}
				],
				"parameters": []
			}
		},
		"/auth/me/change-password": {
			"post": {
				"operationId": "ChangePassword",
				"responses": {
					"200": {
						"description": "Ok",
						"content": {
							"application/json": {
								"schema": {
									"$ref": "#/components/schemas/GeneralResponse"
								}
							}
						}
					}
				},
				"tags": [
					"Authentication"
				],
				"security": [
					{
						"jwt": []
					}
				],
				"parameters": [],
				"requestBody": {
					"required": true,
					"content": {
						"application/json": {
							"schema": {
								"$ref": "#/components/schemas/ChangePasswordDTO"
							}
						}
					}
				}
			}
		},
		"/auth/request-forgot-pass": {
			"post": {
				"operationId": "RequestForgotPassword",
				"responses": {
					"200": {
						"description": "Ok",
						"content": {
							"application/json": {
								"schema": {
									"$ref": "#/components/schemas/GeneralResponse"
								}
							}
						}
					}
				},
				"tags": [
					"Authentication"
				],
				"security": [],
				"parameters": [],
				"requestBody": {
					"required": true,
					"content": {
						"application/json": {
							"schema": {
								"$ref": "#/components/schemas/RequestResetPassword"
							}
						}
					}
				}
			}
		},
		"/auth/reset-pass": {
			"post": {
				"operationId": "ResetPassword",
				"responses": {
					"200": {
						"description": "Ok",
						"content": {
							"application/json": {
								"schema": {
									"$ref": "#/components/schemas/GeneralResponse"
								}
							}
						}
					}
				},
				"tags": [
					"Authentication"
				],
				"security": [],
				"parameters": [
					{
						"in": "query",
						"name": "token",
						"required": true,
						"schema": {
							"type": "string"
						}
					}
				],
				"requestBody": {
					"required": true,
					"content": {
						"application/json": {
							"schema": {
								"$ref": "#/components/schemas/ResetPassword"
							}
						}
					}
				}
			}
		},
		"/auth/refresh-token": {
			"post": {
				"operationId": "RefreshToken",
				"responses": {
					"200": {
						"description": "Ok",
						"content": {
							"application/json": {
								"schema": {
									"$ref": "#/components/schemas/GeneralResponse"
								}
							}
						}
					}
				},
				"tags": [
					"Authentication"
				],
				"security": [],
				"parameters": [],
				"requestBody": {
					"required": true,
					"content": {
						"application/json": {
							"schema": {
								"$ref": "#/components/schemas/RefreshTokenRequest"
							}
						}
					}
				}
			}
		},
		"/auth/google/mobile": {
			"post": {
				"operationId": "LoginWithGoogleMobile",
				"responses": {
					"200": {
						"description": "Ok",
						"content": {
							"application/json": {
								"schema": {
									"$ref": "#/components/schemas/GeneralResponse"
								}
							}
						}
					}
				},
				"tags": [
					"Authentication"
				],
				"security": [],
				"parameters": [],
				"requestBody": {
					"required": true,
					"content": {
						"application/json": {
							"schema": {
								"properties": {
									"token": {
										"type": "string"
									}
								},
								"required": [
									"token"
								],
								"type": "object"
							}
						}
					}
				}
			}
		},
		"/auth/google/web": {
			"post": {
				"operationId": "LoginWithGoogleWeb",
				"responses": {
					"200": {
						"description": "Ok",
						"content": {
							"application/json": {
								"schema": {
									"$ref": "#/components/schemas/GeneralResponse"
								}
							}
						}
					}
				},
				"tags": [
					"Authentication"
				],
				"security": [],
				"parameters": [],
				"requestBody": {
					"required": true,
					"content": {
						"application/json": {
							"schema": {
								"properties": {
									"code": {
										"type": "string"
									}
								},
								"required": [
									"code"
								],
								"type": "object"
							}
						}
					}
				}
			}
		}
	},
	"servers": [
		{
			"url": "/"
		}
	]
}